channel,title,text,url,affiliate_url,category,score,hashtags
x,父の日 まだ間に合う 【P10倍】楽天グルメ大賞4度！ 父の日ギフト 2026 おつまみセット ギフト 【 おつまみ ベスト9ナイン 】 プレゼント 実用的 父 義父 つまみ 食べ物 グルメ 誕生日 男性 珍味 海鮮 魚 父親 誕生日プレゼント セット お酒 ビール お中元 酒のつまみ 食品,【PR】父の日 まだ間に合う 【P10倍】楽天グルメ大賞4度！ 父の日ギフト 2026 お…。楽天グルメ大賞4度！ 父の日 誕生日 お中元 内祝い ギフト に。明治35年創業。 高級 おつま レビュー3499件、平均4.67の注目商品。楽天市場で価格・在庫を確認できます。…,https://naokincstar.github.io/alphy-picks-site/posts/otsumami-gallery-10000495.html,https://hb.afl.rakuten.co.jp/hgc/g00qyf8n.i9oundf5.g00qyf8n.i9ouob8d/?pc=https%3A%2F%2Fitem.rakuten.co.jp%2Fotsumami-gallery%2F10000495%2F&rafcid=wsc_i_ra_2304ef8e-980e-4cac-af29-f9e9d1cf8380,食品・スイーツ,77.41,#楽天ROOM #楽天市場 #毎日の食卓 #買い物メモ
room,父の日 まだ間に合う 【P10倍】楽天グルメ大賞4度！ 父の日ギフト 2026 おつまみセット ギフト 【 おつまみ ベスト9ナイン 】 プレゼント 実用的 父 義父 つまみ 食べ物 グルメ 誕生日 男性 珍味 海鮮 魚 父親 誕生日プレゼント セット お酒 ビール お中元 酒のつまみ 食品,"【PR】
父の日 まだ間に合う 【P10倍】楽天グルメ大賞4度！ 父の日ギフト 2026 お…

楽天グルメ大賞4度！ 父の日 誕生日 お中元 内祝い ギフト に。明治35年創業。 高級 おつま
毎日の食卓に使いやすい候補としてメモ。レビュー3499件、平均4.67の注目商品。
価格は3,580円前後。 在庫やポイント条件は楽天市場の商品ページで確認してから選べます。
#楽天ROOM #楽天市場 #毎日の食卓 #買い物メモ
https://hb.afl.rakuten.co.jp/hgc/g00qyf8n.i9oundf5.g00qyf8n.i9ouob8d/?pc=https%3A%2F%2Fitem.rakuten.co.jp%2Fotsumami-gallery%2F10000495%2F&rafcid=wsc_i_ra_2304ef8e-980e-4cac-af29-f9e9d1cf8380",https://naokincstar.github.io/alphy-picks-site/posts/otsumami-gallery-10000495.html,https://hb.afl.rakuten.co.jp/hgc/g00qyf8n.i9oundf5.g00qyf8n.i9ouob8d/?pc=https%3A%2F%2Fitem.rakuten.co.jp%2Fotsumami-gallery%2F10000495%2F&rafcid=wsc_i_ra_2304ef8e-980e-4cac-af29-f9e9d1cf8380,食品・スイーツ,77.41,#楽天ROOM #楽天市場 #毎日の食卓 #買い物メモ
x,【6/19(金)までポイント5倍】ALL令和7年産 きらっとごはん 玄米 白米 無洗米 5kg 10kg 20kg 30kg 送料無料 米 お米 米 5kg 米 10kg お米 10kg 米 30kg お米 30kg 玄米 10kg 玄米 20kg,【PR】【6/19(金)までポイント5倍】ALL令和7年産 きらっとごはん 玄米 白米 無…。楽天SOY2025米雑穀部門大賞受賞！品質に自信あり！！会津CROPS米直販から新商品販売開始！ レビュー5615件、平均4.78の注目商品。楽天市場で価格・在庫を確認できます。…,https://naokincstar.github.io/alphy-picks-site/posts/jcrops-10008581.html,https://hb.afl.rakuten.co.jp/hgc/g00plxin.i9oun413.g00plxin.i9ouo539/?pc=https%3A%2F%2Fitem.rakuten.co.jp%2Fjcrops%2F4562129938344-2%2F&rafcid=wsc_i_ra_2304ef8e-980e-4cac-af29-f9e9d1cf8380,食品・スイーツ,77.358,#楽天ROOM #楽天市場 #毎日の食卓 #買い物メモ
room,【6/19(金)までポイント5倍】ALL令和7年産 きらっとごはん 玄米 白米 無洗米 5kg 10kg 20kg 30kg 送料無料 米 お米 米 5kg 米 10kg お米 10kg 米 30kg お米 30kg 玄米 10kg 玄米 20kg,"【PR】
【6/19(金)までポイント5倍】ALL令和7年産 きらっとごはん 玄米 白米 無…

楽天SOY2025米雑穀部門大賞受賞！品質に自信あり！！会津CROPS米直販から新商品販売開始！
毎日の食卓に使いやすい候補としてメモ。レビュー5615件、平均4.78の注目商品。
価格は3,399円前後。 在庫やポイント条件は楽天市場の商品ページで確認してから選べます。
#楽天ROOM #楽天市場 #毎日の食卓 #買い物メモ
https://hb.afl.rakuten.co.jp/hgc/g00plxin.i9oun413.g00plxin.i9ouo539/?pc=https%3A%2F%2Fitem.rakuten.co.jp%2Fjcrops%2F4562129938344-2%2F&rafcid=wsc_i_ra_2304ef8e-980e-4cac-af29-f9e9d1cf8380",https://naokincstar.github.io/alphy-picks-site/posts/jcrops-10008581.html,https://hb.afl.rakuten.co.jp/hgc/g00plxin.i9oun413.g00plxin.i9ouo539/?pc=https%3A%2F%2Fitem.rakuten.co.jp%2Fjcrops%2F4562129938344-2%2F&rafcid=wsc_i_ra_2304ef8e-980e-4cac-af29-f9e9d1cf8380,食品・スイーツ,77.358,#楽天ROOM #楽天市場 #毎日の食卓 #買い物メモ
x,【1種類を選べる】パンパース オムツ さらさらケア パンツ(1セット)【パンパース】[さらさらケア],【PR】【1種類を選べる】パンパース オムツ さらさらケア パンツ(1セット)【パンパース…。さらさらケア / パンパース / パンパース オムツ さらさらケア パンツ レビュー8403件、平均4.82の注目商品。楽天市場で価格・在庫を確認できます。 https://nao…,https://naokincstar.github.io/alphy-picks-site/posts/netbaby-10028658.html,https://hb.afl.rakuten.co.jp/hgc/g00pzd4n.i9oun385.g00pzd4n.i9ouo0f6/?pc=https%3A%2F%2Fitem.rakuten.co.jp%2Fnetbaby%2F404313%2F&rafcid=wsc_i_ra_2304ef8e-980e-4cac-af29-f9e9d1cf8380,キッチン用品,76.412,#楽天ROOM #楽天市場 #朝の身支度 #買い物メモ
room,【1種類を選べる】パンパース オムツ さらさらケア パンツ(1セット)【パンパース】[さらさらケア],"【PR】
【1種類を選べる】パンパース オムツ さらさらケア パンツ(1セット)【パンパース…

さらさらケア / パンパース / パンパース オムツ さらさらケア パンツ
朝の身支度に使いやすい候補としてメモ。レビュー8403件、平均4.82の注目商品。
価格は8,980円前後。 在庫やポイント条件は楽天市場の商品ページで確認してから選べます。
#楽天ROOM #楽天市場 #朝の身支度 #買い物メモ
https://hb.afl.rakuten.co.jp/hgc/g00pzd4n.i9oun385.g00pzd4n.i9ouo0f6/?pc=https%3A%2F%2Fitem.rakuten.co.jp%2Fnetbaby%2F404313%2F&rafcid=wsc_i_ra_2304ef8e-980e-4cac-af29-f9e9d1cf8380",https://naokincstar.github.io/alphy-picks-site/posts/netbaby-10028658.html,https://hb.afl.rakuten.co.jp/hgc/g00pzd4n.i9oun385.g00pzd4n.i9ouo0f6/?pc=https%3A%2F%2Fitem.rakuten.co.jp%2Fnetbaby%2F404313%2F&rafcid=wsc_i_ra_2304ef8e-980e-4cac-af29-f9e9d1cf8380,キッチン用品,76.412,#楽天ROOM #楽天市場 #朝の身支度 #買い物メモ
x,父の日 ギフト まだ間に合う 高級海鮮お茶漬けセット 金目鯛、うなぎ、まぐろ、鮭、いわし、磯海苔 送料無料 誕生日プレゼント 御中元 2026 出産内祝い お返し 鰻 結婚 母 父 男性 女性 お祝い お礼 ありがとう 詰め合わせ 食品 クーポン 魚 グルメ 贈り物 早割 法事 常温 花,【PR】父の日 ギフト まだ間に合う 高級海鮮お茶漬けセット 金目鯛、うなぎ、まぐろ、鮭、…。【高級ギフト】高級具材が丸ごと入った超高級お茶漬け 常温保存可能 出産内祝い お返し 送料無料 レビュー5676件、平均4.69の注目商品。楽天市場で価格・在庫を確認できます。 h…,https://naokincstar.github.io/alphy-picks-site/posts/e-cha-10002295.html,https://hb.afl.rakuten.co.jp/hgc/g00q2ssn.i9oun70c.g00q2ssn.i9ouo600/?pc=https%3A%2F%2Fitem.rakuten.co.jp%2Fe-cha%2F0265%2F&rafcid=wsc_i_ra_2304ef8e-980e-4cac-af29-f9e9d1cf8380,食品・スイーツ,76.314,#楽天ROOM #楽天市場 #毎日の食卓 #買い物メモ
room,父の日 ギフト まだ間に合う 高級海鮮お茶漬けセット 金目鯛、うなぎ、まぐろ、鮭、いわし、磯海苔 送料無料 誕生日プレゼント 御中元 2026 出産内祝い お返し 鰻 結婚 母 父 男性 女性 お祝い お礼 ありがとう 詰め合わせ 食品 クーポン 魚 グルメ 贈り物 早割 法事 常温 花,"【PR】
父の日 ギフト まだ間に合う 高級海鮮お茶漬けセット 金目鯛、うなぎ、まぐろ、鮭、…

【高級ギフト】高級具材が丸ごと入った超高級お茶漬け 常温保存可能 出産内祝い お返し 送料無料 
毎日の食卓に使いやすい候補としてメモ。レビュー5676件、平均4.69の注目商品。
価格は4,299円前後。 在庫やポイント条件は楽天市場の商品ページで確認してから選べます。
#楽天ROOM #楽天市場 #毎日の食卓 #買い物メモ
https://hb.afl.rakuten.co.jp/hgc/g00q2ssn.i9oun70c.g00q2ssn.i9ouo600/?pc=https%3A%2F%2Fitem.rakuten.co.jp%2Fe-cha%2F0265%2F&rafcid=wsc_i_ra_2304ef8e-980e-4cac-af29-f9e9d1cf8380",https://naokincstar.github.io/alphy-picks-site/posts/e-cha-10002295.html,https://hb.afl.rakuten.co.jp/hgc/g00q2ssn.i9oun70c.g00q2ssn.i9ouo600/?pc=https%3A%2F%2Fitem.rakuten.co.jp%2Fe-cha%2F0265%2F&rafcid=wsc_i_ra_2304ef8e-980e-4cac-af29-f9e9d1cf8380,食品・スイーツ,76.314,#楽天ROOM #楽天市場 #毎日の食卓 #買い物メモ
x,＼2026年楽天ランキング入賞／送料無料 HGCH-24 楽天限定 ガトー・キュイ・ラビテュール 5種18個入父の日 お中元 お菓子 ギフト 詰め合わせ 手土産 内祝い お返し お礼 個包装 焼き菓子 洋菓子 スイーツ プレゼント ギフト 退職,【PR】＼2026年楽天ランキング入賞／送料無料 HGCH-24 楽天限定 ガトー・キュイ…。楽天店限定のオリジナルアソート！ここでしか買えない詰め合わせ&パッケージでお届けします。 レビュー2306件、平均4.72の注目商品。楽天市場で価格・在庫を確認できます。 http…,https://naokincstar.github.io/alphy-picks-site/posts/henri-charpentier-10002080.html,https://hb.afl.rakuten.co.jp/hgc/g00qsfxn.i9ounf84.g00qsfxn.i9ouo2d0/?pc=https%3A%2F%2Fitem.rakuten.co.jp%2Fhenri-charpentier%2F773104%2F&rafcid=wsc_i_ra_2304ef8e-980e-4cac-af29-f9e9d1cf8380,キッチン用品,76.264,#楽天ROOM #楽天市場 #毎日の食卓 #買い物メモ
room,＼2026年楽天ランキング入賞／送料無料 HGCH-24 楽天限定 ガトー・キュイ・ラビテュール 5種18個入父の日 お中元 お菓子 ギフト 詰め合わせ 手土産 内祝い お返し お礼 個包装 焼き菓子 洋菓子 スイーツ プレゼント ギフト 退職,"【PR】
＼2026年楽天ランキング入賞／送料無料 HGCH-24 楽天限定 ガトー・キュイ…

楽天店限定のオリジナルアソート！ここでしか買えない詰め合わせ&パッケージでお届けします。
毎日の食卓に使いやすい候補としてメモ。レビュー2306件、平均4.72の注目商品。
価格は3,240円前後。 在庫やポイント条件は楽天市場の商品ページで確認してから選べます。
#楽天ROOM #楽天市場 #毎日の食卓 #買い物メモ
https://hb.afl.rakuten.co.jp/hgc/g00qsfxn.i9ounf84.g00qsfxn.i9ouo2d0/?pc=https%3A%2F%2Fitem.rakuten.co.jp%2Fhenri-charpentier%2F773104%2F&rafcid=wsc_i_ra_2304ef8e-980e-4cac-af29-f9e9d1cf8380",https://naokincstar.github.io/alphy-picks-site/posts/henri-charpentier-10002080.html,https://hb.afl.rakuten.co.jp/hgc/g00qsfxn.i9ounf84.g00qsfxn.i9ouo2d0/?pc=https%3A%2F%2Fitem.rakuten.co.jp%2Fhenri-charpentier%2F773104%2F&rafcid=wsc_i_ra_2304ef8e-980e-4cac-af29-f9e9d1cf8380,キッチン用品,76.264,#楽天ROOM #楽天市場 #毎日の食卓 #買い物メモ
x,＼クーポン配布中／ 父の日 まだ間に合う ギフト うなぎ 国産 かわすい 冷凍 うなぎ蒲焼き 3種セット ウナギ 鰻 蒲焼き ひつまぶし グルメ 内祝い ギフト お取り寄せ 【うなぎ屋かわすい】 送料無料 プレゼント 父の日ギフト2026 お中元 御中元,【PR】＼クーポン配布中／ 父の日 まだ間に合う ギフト うなぎ 国産 かわすい 冷凍 う…。うなぎ 国産 かわすい ギフト 父の日 蒲焼き ウナギ 送料無料 最強配送 定期便 誕生日プレゼ レビュー18893件、平均4.61の注目商品。楽天市場で価格・在庫を確認できます。…,https://naokincstar.github.io/alphy-picks-site/posts/kawasui-10000130.html,https://hb.afl.rakuten.co.jp/hgc/g00pvazn.i9ouna39.g00pvazn.i9ouo841/?pc=https%3A%2F%2Fitem.rakuten.co.jp%2Fkawasui%2F10000130%2F&rafcid=wsc_i_ra_2304ef8e-980e-4cac-af29-f9e9d1cf8380,キッチン用品,76.046,#楽天ROOM #楽天市場 #毎日の食卓 #買い物メモ
room,＼クーポン配布中／ 父の日 まだ間に合う ギフト うなぎ 国産 かわすい 冷凍 うなぎ蒲焼き 3種セット ウナギ 鰻 蒲焼き ひつまぶし グルメ 内祝い ギフト お取り寄せ 【うなぎ屋かわすい】 送料無料 プレゼント 父の日ギフト2026 お中元 御中元,"【PR】
＼クーポン配布中／ 父の日 まだ間に合う ギフト うなぎ 国産 かわすい 冷凍 う…

うなぎ 国産 かわすい ギフト 父の日 蒲焼き ウナギ 送料無料 最強配送 定期便 誕生日プレゼ
毎日の食卓に使いやすい候補としてメモ。レビュー18893件、平均4.61の注目商品。
価格は5,990円前後。 在庫やポイント条件は楽天市場の商品ページで確認してから選べます。
#楽天ROOM #楽天市場 #毎日の食卓 #買い物メモ
https://hb.afl.rakuten.co.jp/hgc/g00pvazn.i9ouna39.g00pvazn.i9ouo841/?pc=https%3A%2F%2Fitem.rakuten.co.jp%2Fkawasui%2F10000130%2F&rafcid=wsc_i_ra_2304ef8e-980e-4cac-af29-f9e9d1cf8380",https://naokincstar.github.io/alphy-picks-site/posts/kawasui-10000130.html,https://hb.afl.rakuten.co.jp/hgc/g00pvazn.i9ouna39.g00pvazn.i9ouo841/?pc=https%3A%2F%2Fitem.rakuten.co.jp%2Fkawasui%2F10000130%2F&rafcid=wsc_i_ra_2304ef8e-980e-4cac-af29-f9e9d1cf8380,キッチン用品,76.046,#楽天ROOM #楽天市場 #毎日の食卓 #買い物メモ
x,"今夜23:59までP3倍！送料無料2,490円～ 骨取りサバ切身 1kg 無塩or有塩が選べる♪骨とり 骨なし 鯖 さば 冷凍食品 父の日 ギフト プレゼント 【P】","【PR】今夜23:59までP3倍！送料無料2,490円～ 骨取りサバ切身 1kg 無塩or…。フライパンで簡単調理！骨取り済み魚はママも子供も大満足♪ レビュー17554件、平均4.51の注目商品。楽天市場で価格・在庫を確認できます。 https://naokincstar…",https://naokincstar.github.io/alphy-picks-site/posts/kouragumi-10001520.html,https://hb.afl.rakuten.co.jp/hgc/g00r77tn.i9ounffd.g00r77tn.i9ouo392/?pc=https%3A%2F%2Fitem.rakuten.co.jp%2Fkouragumi%2F201175%2F&rafcid=wsc_i_ra_2304ef8e-980e-4cac-af29-f9e9d1cf8380,キッチン用品,75.946,#楽天ROOM #楽天市場 #毎日の食卓 #買い物メモ
room,"今夜23:59までP3倍！送料無料2,490円～ 骨取りサバ切身 1kg 無塩or有塩が選べる♪骨とり 骨なし 鯖 さば 冷凍食品 父の日 ギフト プレゼント 【P】","【PR】
今夜23:59までP3倍！送料無料2,490円～ 骨取りサバ切身 1kg 無塩or…

フライパンで簡単調理！骨取り済み魚はママも子供も大満足♪
毎日の食卓に使いやすい候補としてメモ。レビュー17554件、平均4.51の注目商品。
価格は2,490円前後。 在庫やポイント条件は楽天市場の商品ページで確認してから選べます。
#楽天ROOM #楽天市場 #毎日の食卓 #買い物メモ
https://hb.afl.rakuten.co.jp/hgc/g00r77tn.i9ounffd.g00r77tn.i9ouo392/?pc=https%3A%2F%2Fitem.rakuten.co.jp%2Fkouragumi%2F201175%2F&rafcid=wsc_i_ra_2304ef8e-980e-4cac-af29-f9e9d1cf8380",https://naokincstar.github.io/alphy-picks-site/posts/kouragumi-10001520.html,https://hb.afl.rakuten.co.jp/hgc/g00r77tn.i9ounffd.g00r77tn.i9ouo392/?pc=https%3A%2F%2Fitem.rakuten.co.jp%2Fkouragumi%2F201175%2F&rafcid=wsc_i_ra_2304ef8e-980e-4cac-af29-f9e9d1cf8380,キッチン用品,75.946,#楽天ROOM #楽天市場 #毎日の食卓 #買い物メモ
x,【炭酸水の最安値に挑戦中！】炭酸水 500ml 48本 (24本×2ケース) 送料無料※一部地域除く 強炭酸 炭酸 無糖 OZA SODA プレーン レモン ピンクグレープフルーツ ライム 割り材 箱買い まとめ買い ライフドリンクカンパニー LIFEDRINK ZAO SODA,【PR】【炭酸水の最安値に挑戦中！】炭酸水 500ml 48本 (24本×2ケース) 送料…。炭酸水 強炭酸水 ペットボトル スパークリング ソーダ 無糖 レモン ピンクグレープフルーツ ラ レビュー16141件、平均4.69の注目商品。楽天市場で価格・在庫を確認できます。…,https://naokincstar.github.io/alphy-picks-site/posts/lifedrinkcompany-10000022.html,https://hb.afl.rakuten.co.jp/hgc/g00tkn4n.i9oun0bc.g00tkn4n.i9ouo891/?pc=https%3A%2F%2Fitem.rakuten.co.jp%2Flifedrinkcompany%2Fzaosoda-500-48%2F&rafcid=wsc_i_ra_2304ef8e-980e-4cac-af29-f9e9d1cf8380,スポーツ・外出,75.914,#楽天ROOM #楽天市場 #休日の外出 #買い物メモ
room,【炭酸水の最安値に挑戦中！】炭酸水 500ml 48本 (24本×2ケース) 送料無料※一部地域除く 強炭酸 炭酸 無糖 OZA SODA プレーン レモン ピンクグレープフルーツ ライム 割り材 箱買い まとめ買い ライフドリンクカンパニー LIFEDRINK ZAO SODA,"【PR】
【炭酸水の最安値に挑戦中！】炭酸水 500ml 48本 (24本×2ケース) 送料…

炭酸水 強炭酸水 ペットボトル スパークリング ソーダ 無糖 レモン ピンクグレープフルーツ ラ
休日の外出に使いやすい候補としてメモ。レビュー16141件、平均4.69の注目商品。
価格は2,550円前後。 在庫やポイント条件は楽天市場の商品ページで確認してから選べます。
#楽天ROOM #楽天市場 #休日の外出 #買い物メモ
https://hb.afl.rakuten.co.jp/hgc/g00tkn4n.i9oun0bc.g00tkn4n.i9ouo891/?pc=https%3A%2F%2Fitem.rakuten.co.jp%2Flifedrinkcompany%2Fzaosoda-500-48%2F&rafcid=wsc_i_ra_2304ef8e-980e-4cac-af29-f9e9d1cf8380",https://naokincstar.github.io/alphy-picks-site/posts/lifedrinkcompany-10000022.html,https://hb.afl.rakuten.co.jp/hgc/g00tkn4n.i9oun0bc.g00tkn4n.i9ouo891/?pc=https%3A%2F%2Fitem.rakuten.co.jp%2Flifedrinkcompany%2Fzaosoda-500-48%2F&rafcid=wsc_i_ra_2304ef8e-980e-4cac-af29-f9e9d1cf8380,スポーツ・外出,75.914,#楽天ROOM #楽天市場 #休日の外出 #買い物メモ
x,"父の日まだ間に合う！送料無料2,499円〜更に2個で600円OFF！3個で1,200円OFF！4個で2,000円OFF！ 楽天グルメ大賞受賞！楽天1位 国産 うなぎ蒲焼き ウナギ 父の日 当日お届け間に合う ギフト プレゼント お試し【P】","【PR】父の日まだ間に合う！送料無料2,499円〜更に2個で600円OFF！3個で1,20…。テレビや雑誌で紹介！ボリューム満点で家族や実家、親戚、職場に喜ばれる♪ 昨年100,000尾完売 レビュー11789件、平均4.55の注目商品。楽天市場で価格・在庫を確認できます。…",https://naokincstar.github.io/alphy-picks-site/posts/kouragumi-10000216.html,https://hb.afl.rakuten.co.jp/hgc/g00r77tn.i9ounffd.g00r77tn.i9ouo392/?pc=https%3A%2F%2Fitem.rakuten.co.jp%2Fkouragumi%2F201101%2F&rafcid=wsc_i_ra_2304ef8e-980e-4cac-af29-f9e9d1cf8380,食品・スイーツ,75.8,#楽天ROOM #楽天市場 #毎日の食卓 #買い物メモ
room,"父の日まだ間に合う！送料無料2,499円〜更に2個で600円OFF！3個で1,200円OFF！4個で2,000円OFF！ 楽天グルメ大賞受賞！楽天1位 国産 うなぎ蒲焼き ウナギ 父の日 当日お届け間に合う ギフト プレゼント お試し【P】","【PR】
父の日まだ間に合う！送料無料2,499円〜更に2個で600円OFF！3個で1,20…

テレビや雑誌で紹介！ボリューム満点で家族や実家、親戚、職場に喜ばれる♪ 昨年100,000尾完売
毎日の食卓に使いやすい候補としてメモ。レビュー11789件、平均4.55の注目商品。
価格は2,499円前後。 在庫やポイント条件は楽天市場の商品ページで確認してから選べます。
#楽天ROOM #楽天市場 #毎日の食卓 #買い物メモ
https://hb.afl.rakuten.co.jp/hgc/g00r77tn.i9ounffd.g00r77tn.i9ouo392/?pc=https%3A%2F%2Fitem.rakuten.co.jp%2Fkouragumi%2F201101%2F&rafcid=wsc_i_ra_2304ef8e-980e-4cac-af29-f9e9d1cf8380",https://naokincstar.github.io/alphy-picks-site/posts/kouragumi-10000216.html,https://hb.afl.rakuten.co.jp/hgc/g00r77tn.i9ounffd.g00r77tn.i9ouo392/?pc=https%3A%2F%2Fitem.rakuten.co.jp%2Fkouragumi%2F201101%2F&rafcid=wsc_i_ra_2304ef8e-980e-4cac-af29-f9e9d1cf8380,食品・スイーツ,75.8,#楽天ROOM #楽天市場 #毎日の食卓 #買い物メモ
x,父の日 まだ間に合う 2026 和菓子 [ ギフト プレゼント カステラ どら焼き 最中 お菓子 スイーツ 食べ物 ギフトセット 父 義父 お父さん 50代 60代 70代 80代 お取り寄せ ランキング 長崎心泉堂 ] スイーツセット まごころ FDG1,【PR】父の日 まだ間に合う 2026 和菓子 [ ギフト プレゼント カステラ どら焼き…。父の日ギフト 2026 プレゼント おやつ かすてら どらやき もなか スイーツ お菓子 和菓子 レビュー5317件、平均4.62の注目商品。楽天市場で価格・在庫を確認できます。…,https://naokincstar.github.io/alphy-picks-site/posts/nagasaki-kasutera-10000382.html,https://hb.afl.rakuten.co.jp/hgc/g00qaxzn.i9oun7e7.g00qaxzn.i9ouobc5/?pc=https%3A%2F%2Fitem.rakuten.co.jp%2Fnagasaki-kasutera%2Fgift0602%2F&rafcid=wsc_i_ra_2304ef8e-980e-4cac-af29-f9e9d1cf8380,食品・スイーツ,75.782,#楽天ROOM #楽天市場 #毎日の食卓 #買い物メモ
room,父の日 まだ間に合う 2026 和菓子 [ ギフト プレゼント カステラ どら焼き 最中 お菓子 スイーツ 食べ物 ギフトセット 父 義父 お父さん 50代 60代 70代 80代 お取り寄せ ランキング 長崎心泉堂 ] スイーツセット まごころ FDG1,"【PR】
父の日 まだ間に合う 2026 和菓子 [ ギフト プレゼント カステラ どら焼き…

父の日ギフト 2026 プレゼント おやつ かすてら どらやき もなか スイーツ お菓子 和菓子
毎日の食卓に使いやすい候補としてメモ。レビュー5317件、平均4.62の注目商品。
価格は3,480円前後。 在庫やポイント条件は楽天市場の商品ページで確認してから選べます。
#楽天ROOM #楽天市場 #毎日の食卓 #買い物メモ
https://hb.afl.rakuten.co.jp/hgc/g00qaxzn.i9oun7e7.g00qaxzn.i9ouobc5/?pc=https%3A%2F%2Fitem.rakuten.co.jp%2Fnagasaki-kasutera%2Fgift0602%2F&rafcid=wsc_i_ra_2304ef8e-980e-4cac-af29-f9e9d1cf8380",https://naokincstar.github.io/alphy-picks-site/posts/nagasaki-kasutera-10000382.html,https://hb.afl.rakuten.co.jp/hgc/g00qaxzn.i9oun7e7.g00qaxzn.i9ouobc5/?pc=https%3A%2F%2Fitem.rakuten.co.jp%2Fnagasaki-kasutera%2Fgift0602%2F&rafcid=wsc_i_ra_2304ef8e-980e-4cac-af29-f9e9d1cf8380,食品・スイーツ,75.782,#楽天ROOM #楽天市場 #毎日の食卓 #買い物メモ
